{"id": 0, "t_ctm": 0.09739412500493927, "t_check": 0.016724383996916004, "ctm_history_len": 8, "ctm_history": [0.057650263905846, 0.05633033058733058, 0.05648836660983456, 0.05646225823689778, 0.05646498911681511, 0.05646452196421997, 0.05646457221920161, 0.05646456396446399]}
{"id": 0, "t_grad": 0.18629087499721209}
{"id": 1, "t_ctm": 0.08063067500188481, "t_check": 0.009110512990446296, "ctm_history_len": 7, "ctm_history": [-0.13515093636319747, -0.1364527890217055, -0.1364068122725191, -0.13642361915528717, -0.13642339626892475, -0.13642360087564268, -0.13642360099376297]}
{"id": 1, "t_grad": 0.1601029839948751}
{"id": 2, "t_ctm": 0.07431084000563715, "t_check": 0.009612875001039356, "ctm_history_len": 7, "ctm_history": [-1.7015527005682258, -1.7021184589285627, -1.7021590664319932, -1.7021622567882067, -1.7021625105221647, -1.7021625308459918, -1.7021625324769032]}
{"id": 2, "t_grad": 0.16273798800102668}
